SalesTerritoryKey,Region,Country,State
1,South,United States,Kentucky
2,West,United States,California
3,South,United States,Florida
4,South,United States,North Carolina
5,West,United States,Washington
6,Central,United States,Texas
7,Central,United States,Wisconsin
8,West,United States,Utah
9,Central,United States,Nebraska
10,East,United States,Pennsylvania
11,Central,United States,Illinois
12,Central,United States,Minnesota
13,Central,United States,Michigan
14,East,United States,Delaware
15,Central,United States,Indiana
16,East,United States,New York
17,West,United States,Arizona
18,South,United States,Virginia
19,South,United States,Tennessee
20,South,United States,Alabama
21,West,United States,Oregon
22,West,United States,Colorado
23,Central,United States,Iowa
24,East,United States,Ohio
25,Central,United States,Missouri
26,Central,United States,Oklahoma
27,West,United States,New Mexico
28,South,United States,Louisiana
29,East,United States,Connecticut
30,East,United States,New Jersey
31,East,United States,Massachusetts
32,South,United States,Georgia
33,West,United States,Nevada
34,East,United States,Rhode Island
35,South,United States,Mississippi
36,South,United States,Arkansas
37,East,United States,Maryland
38,East,United States,District of Columbia
39,Central,United States,Kansas
40,East,United States,New Hampshire
41,Central,United States,South Dakota
